contact_id,account_id,first_name,last_name,email,phone,title,city,country,created_date
CON000001,ACC000047,Jamie,Silva,jamie.silva@example.com,+1-555-5881,Partner Ops,Toronto,,2022-01-15
CON000002,ACC000047,Avery,Schneider,avery.schneider@example.com,+1-555-1641,Partner Ops,Toronto,,2022-01-15
CON000003,ACC000003,Casey,Lee,casey.lee@example.com,+1-555-5020,Product Manager,Warsaw,,2022-01-15
CON000004,ACC000035,Casey,Dubois,casey.dubois@example.com,+1-555-7590,Support Lead,Rome,,2022-01-15
CON000005,ACC000017,Avery,Silva,avery.silva@example.com,+1-555-3512,Connectivity Lead,Toronto,,2022-01-15
CON000006,ACC000004,Riley,Tan,riley.tan@example.com,+1-555-6511,Product Manager,Austin,,2022-01-15
CON000007,ACC000041,Jordan,OConnor,jordan.oconnor@example.com,+1-555-2024,Support Lead,Paris,,2022-01-15
CON000008,ACC000009,Logan,Lee,logan.lee@example.com,+1-555-4364,Connectivity Lead,Paris,,2022-01-15
CON000009,ACC000011,Alex,Lee,alex.lee@example.com,+1-555-1622,Product Manager,Buenos Aires,,2022-01-15
CON000010,ACC000035,Casey,Schneider,casey.schneider@example.com,+1-555-9573,Program Manager,Berlin,,2022-01-15
CON000011,ACC000004,Logan,Kim,logan.kim@example.com,+1-555-5286,Partner Ops,Rome,,2022-01-15
CON000012,ACC000030,Logan,Patel,logan.patel@example.com,+1-555-9573,Partner Ops,S達o Paulo,,2022-01-15
CON000013,ACC000020,Jamie,Patel,jamie.patel@example.com,+1-555-2873,Program Manager,Dubai,,2022-01-15
CON000014,ACC000037,Logan,Schneider,logan.schneider@example.com,+1-555-2478,Partner Ops,London,,2022-01-15
CON000015,ACC000019,Jamie,Lee,jamie.lee@example.com,+1-555-4708,Product Manager,Madrid,,2022-01-15
CON000016,ACC000034,Logan,Patel,logan.patel@example.com,+1-555-8599,Connectivity Lead,Warsaw,,2022-01-15
CON000017,ACC000021,Morgan,Dubois,morgan.dubois@example.com,+1-555-3133,Support Lead,S達o Paulo,,2022-01-15
CON000018,ACC000060,Riley,Silva,riley.silva@example.com,+1-555-4792,Program Manager,S達o Paulo,,2022-01-15
CON000019,ACC000026,Jamie,Kim,jamie.kim@example.com,+1-555-5837,Partner Ops,Tokyo,,2022-01-15
CON000020,ACC000050,Sam,Tan,sam.tan@example.com,+1-555-5207,Partner Ops,London,,2022-01-15
CON000021,ACC000051,Jamie,Tan,jamie.tan@example.com,+1-555-4591,Support Lead,Buenos Aires,,2022-01-15
CON000022,ACC000042,Jordan,Patel,jordan.patel@example.com,+1-555-3212,Partner Ops,Seattle,,2022-01-15
CON000023,ACC000016,Casey,OConnor,casey.oconnor@example.com,+1-555-1490,Connectivity Lead,Seattle,,2022-01-15
CON000024,ACC000048,Jamie,Schneider,jamie.schneider@example.com,+1-555-2556,Partner Ops,Riyadh,,2022-01-15
CON000025,ACC000011,Morgan,Silva,morgan.silva@example.com,+1-555-5986,Connectivity Lead,Riyadh,,2022-01-15
CON000026,ACC000002,Jordan,Kim,jordan.kim@example.com,+1-555-7614,Product Manager,Buenos Aires,,2022-01-15
CON000027,ACC000041,Logan,Silva,logan.silva@example.com,+1-555-7659,Connectivity Lead,Rome,,2022-01-15
CON000028,ACC000034,Taylor,Silva,taylor.silva@example.com,+1-555-4248,Partner Ops,Berlin,,2022-01-15
CON000029,ACC000007,Alex,Silva,alex.silva@example.com,+1-555-2648,Support Lead,Buenos Aires,,2022-01-15
CON000030,ACC000020,Riley,OConnor,riley.oconnor@example.com,+1-555-1069,Program Manager,Tokyo,,2022-01-15
CON000031,ACC000049,Avery,Patel,avery.patel@example.com,+1-555-3581,Product Manager,Johannesburg,,2022-01-15
CON000032,ACC000010,Casey,Patel,casey.patel@example.com,+1-555-6396,Program Manager,Mexico City,,2022-01-15
CON000033,ACC000006,Morgan,Tan,morgan.tan@example.com,+1-555-9885,Support Lead,Toronto,,2022-01-15
CON000034,ACC000009,Avery,OConnor,avery.oconnor@example.com,+1-555-4646,Product Manager,Tokyo,,2022-01-15
CON000035,ACC000029,Taylor,Chen,taylor.chen@example.com,+1-555-9666,Program Manager,Johannesburg,,2022-01-15
CON000036,ACC000024,Logan,Chen,logan.chen@example.com,+1-555-2595,Partner Ops,Singapore,,2022-01-15
CON000037,ACC000041,Morgan,Lee,morgan.lee@example.com,+1-555-9265,Support Lead,Paris,,2022-01-15
CON000038,ACC000043,Taylor,Kim,taylor.kim@example.com,+1-555-6951,Program Manager,Seoul,,2022-01-15
CON000039,ACC000059,Alex,Silva,alex.silva@example.com,+1-555-4615,Connectivity Lead,Madrid,,2022-01-15
CON000040,ACC000050,Alex,Dubois,alex.dubois@example.com,+1-555-8560,Partner Ops,Tokyo,,2022-01-15
CON000041,ACC000019,Morgan,Tan,morgan.tan@example.com,+1-555-9240,Program Manager,London,,2022-01-15
CON000042,ACC000015,Sam,OConnor,sam.oconnor@example.com,+1-555-7097,Program Manager,Toronto,,2022-01-15
CON000043,ACC000031,Casey,Tan,casey.tan@example.com,+1-555-3308,Support Lead,Berlin,,2022-01-15
CON000044,ACC000032,Sam,Schneider,sam.schneider@example.com,+1-555-7958,Support Lead,Dublin,,2022-01-15
CON000045,ACC000024,Avery,Kim,avery.kim@example.com,+1-555-7829,Product Manager,Riyadh,,2022-01-15
CON000046,ACC000018,Avery,Kim,avery.kim@example.com,+1-555-9812,Program Manager,Berlin,,2022-01-15
CON000047,ACC000057,Jamie,Lee,jamie.lee@example.com,+1-555-5098,Connectivity Lead,Tokyo,,2022-01-15
CON000048,ACC000058,Riley,Silva,riley.silva@example.com,+1-555-8615,Program Manager,Dublin,,2022-01-15
CON000049,ACC000012,Jordan,Lee,jordan.lee@example.com,+1-555-2152,Product Manager,Madrid,,2022-01-15
CON000050,ACC000008,Riley,Garcia,riley.garcia@example.com,+1-555-4269,Support Lead,Dubai,,2022-01-15
CON000051,ACC000053,Logan,Chen,logan.chen@example.com,+1-555-1904,Program Manager,Warsaw,,2022-01-15
CON000052,ACC000058,Avery,Tan,avery.tan@example.com,+1-555-3705,Connectivity Lead,Melbourne,,2022-01-15
CON000053,ACC000057,Casey,OConnor,casey.oconnor@example.com,+1-555-3017,Product Manager,Tokyo,,2022-01-15
CON000054,ACC000013,Logan,Schneider,logan.schneider@example.com,+1-555-7764,Partner Ops,Seoul,,2022-01-15
CON000055,ACC000025,Morgan,OConnor,morgan.oconnor@example.com,+1-555-4042,Partner Ops,Mexico City,,2022-01-15
CON000056,ACC000008,Taylor,Garcia,taylor.garcia@example.com,+1-555-7222,Product Manager,Johannesburg,,2022-01-15
CON000057,ACC000024,Avery,Kim,avery.kim@example.com,+1-555-5830,Product Manager,Toronto,,2022-01-15
CON000058,ACC000031,Casey,Kim,casey.kim@example.com,+1-555-2655,Program Manager,Melbourne,,2022-01-15
CON000059,ACC000009,Jamie,Garcia,jamie.garcia@example.com,+1-555-2768,Connectivity Lead,Warsaw,,2022-01-15
CON000060,ACC000003,Alex,Silva,alex.silva@example.com,+1-555-4726,Connectivity Lead,Singapore,,2022-01-15
CON000061,ACC000028,Sam,Tan,sam.tan@example.com,+1-555-7276,Product Manager,London,,2022-01-15
CON000062,ACC000038,Alex,Dubois,alex.dubois@example.com,+1-555-8079,Program Manager,NYC,,2022-01-15
CON000063,ACC000056,Alex,Kim,alex.kim@example.com,+1-555-4727,Support Lead,Seattle,,2022-01-15
CON000064,ACC000028,Casey,Kim,casey.kim@example.com,+1-555-2241,Program Manager,Mexico City,,2022-01-15
CON000065,ACC000013,Logan,Garcia,logan.garcia@example.com,+1-555-7268,Program Manager,Melbourne,,2022-01-15
CON000066,ACC000014,Jamie,Dubois,jamie.dubois@example.com,+1-555-6215,Support Lead,Rome,,2022-01-15
CON000067,ACC000034,Casey,Kim,casey.kim@example.com,+1-555-3989,Product Manager,Riyadh,,2022-01-15
CON000068,ACC000042,Sam,Silva,sam.silva@example.com,+1-555-4885,Partner Ops,Rome,,2022-01-15
CON000069,ACC000053,Taylor,Garcia,taylor.garcia@example.com,+1-555-5742,Product Manager,NYC,,2022-01-15
CON000070,ACC000056,Avery,Patel,avery.patel@example.com,+1-555-8465,Product Manager,Toronto,,2022-01-15
CON000071,ACC000026,Riley,Kim,riley.kim@example.com,+1-555-1642,Connectivity Lead,Berlin,,2022-01-15
CON000072,ACC000016,Taylor,Dubois,taylor.dubois@example.com,+1-555-2036,Product Manager,Tokyo,,2022-01-15
CON000073,ACC000043,Morgan,Silva,morgan.silva@example.com,+1-555-1048,Partner Ops,London,,2022-01-15
CON000074,ACC000034,Riley,OConnor,riley.oconnor@example.com,+1-555-4886,Partner Ops,Paris,,2022-01-15
CON000075,ACC000054,Logan,Kim,logan.kim@example.com,+1-555-6176,Product Manager,Rome,,2022-01-15
CON000076,ACC000049,Jamie,Kim,jamie.kim@example.com,+1-555-9605,Program Manager,NYC,,2022-01-15
CON000077,ACC000020,Jordan,Schneider,jordan.schneider@example.com,+1-555-6558,Connectivity Lead,Sydney,,2022-01-15
CON000078,ACC000003,Avery,Kim,avery.kim@example.com,+1-555-5852,Connectivity Lead,Berlin,,2022-01-15
CON000079,ACC000005,Avery,Schneider,avery.schneider@example.com,+1-555-4318,Connectivity Lead,Seoul,,2022-01-15
CON000080,ACC000033,Alex,Schneider,alex.schneider@example.com,+1-555-9727,Product Manager,NYC,,2022-01-15
CON000081,ACC000024,Logan,Patel,logan.patel@example.com,+1-555-8525,Connectivity Lead,Johannesburg,,2022-01-15
CON000082,ACC000042,Sam,Kim,sam.kim@example.com,+1-555-8456,Product Manager,Toronto,,2022-01-15
CON000083,ACC000013,Avery,Schneider,avery.schneider@example.com,+1-555-7312,Connectivity Lead,Seoul,,2022-01-15
CON000084,ACC000005,Alex,Tan,alex.tan@example.com,+1-555-6140,Connectivity Lead,Sydney,,2022-01-15
CON000085,ACC000015,Jordan,OConnor,jordan.oconnor@example.com,+1-555-1298,Support Lead,Dublin,,2022-01-15
CON000086,ACC000037,Sam,Lee,sam.lee@example.com,+1-555-6536,Connectivity Lead,Riyadh,,2022-01-15
CON000087,ACC000045,Casey,Schneider,casey.schneider@example.com,+1-555-3075,Connectivity Lead,NYC,,2022-01-15
CON000088,ACC000037,Jamie,Chen,jamie.chen@example.com,+1-555-5381,Program Manager,Madrid,,2022-01-15
CON000089,ACC000015,Logan,Chen,logan.chen@example.com,+1-555-2349,Connectivity Lead,Paris,,2022-01-15
CON000090,ACC000053,Riley,Patel,riley.patel@example.com,+1-555-8898,Product Manager,Mexico City,,2022-01-15
CON000091,ACC000022,Jordan,Dubois,jordan.dubois@example.com,+1-555-7176,Product Manager,Dublin,,2022-01-15
CON000092,ACC000017,Jordan,Dubois,jordan.dubois@example.com,+1-555-8593,Partner Ops,Tokyo,,2022-01-15
CON000093,ACC000022,Riley,Lee,riley.lee@example.com,+1-555-4172,Program Manager,Dublin,,2022-01-15
CON000094,ACC000024,Morgan,Tan,morgan.tan@example.com,+1-555-7828,Partner Ops,Mexico City,,2022-01-15
CON000095,ACC000010,Jamie,Tan,jamie.tan@example.com,+1-555-8521,Partner Ops,Singapore,,2022-01-15
CON000096,ACC000019,Sam,Tan,sam.tan@example.com,+1-555-7544,Support Lead,Austin,,2022-01-15
CON000097,ACC000051,Jamie,OConnor,jamie.oconnor@example.com,+1-555-2662,Partner Ops,London,,2022-01-15
CON000098,ACC000050,Casey,Tan,casey.tan@example.com,+1-555-3661,Partner Ops,London,,2022-01-15
CON000099,ACC000014,Morgan,Kim,morgan.kim@example.com,+1-555-8264,Program Manager,Madrid,,2022-01-15
CON000100,ACC000031,Avery,OConnor,avery.oconnor@example.com,+1-555-2565,Connectivity Lead,Rome,,2022-01-15
CON000101,ACC000042,Morgan,Dubois,morgan.dubois@example.com,+1-555-3298,Support Lead,Singapore,,2022-01-15
CON000102,ACC000042,Sam,Silva,sam.silva@example.com,+1-555-6954,Partner Ops,Seoul,,2022-01-15
CON000103,ACC000010,Logan,Schneider,logan.schneider@example.com,+1-555-2511,Support Lead,Madrid,,2022-01-15
CON000104,ACC000022,Logan,OConnor,logan.oconnor@example.com,+1-555-1301,Support Lead,NYC,,2022-01-15
CON000105,ACC000049,Logan,Patel,logan.patel@example.com,+1-555-6395,Support Lead,Berlin,,2022-01-15
CON000106,ACC000022,Jamie,Silva,jamie.silva@example.com,+1-555-9792,Connectivity Lead,Buenos Aires,,2022-01-15
CON000107,ACC000033,Sam,Chen,sam.chen@example.com,+1-555-5979,Product Manager,Sydney,,2022-01-15
CON000108,ACC000057,Casey,Silva,casey.silva@example.com,+1-555-7126,Product Manager,Berlin,,2022-01-15
CON000109,ACC000054,Riley,Garcia,riley.garcia@example.com,+1-555-6708,Support Lead,Melbourne,,2022-01-15
CON000110,ACC000059,Morgan,Garcia,morgan.garcia@example.com,+1-555-3010,Product Manager,Johannesburg,,2022-01-15
CON000111,ACC000038,Casey,Silva,casey.silva@example.com,+1-555-1053,Connectivity Lead,Sydney,,2022-01-15
CON000112,ACC000053,Casey,Dubois,casey.dubois@example.com,+1-555-7048,Program Manager,Madrid,,2022-01-15
CON000113,ACC000041,Riley,Patel,riley.patel@example.com,+1-555-9607,Program Manager,Warsaw,,2022-01-15
CON000114,ACC000027,Morgan,Schneider,morgan.schneider@example.com,+1-555-8209,Partner Ops,Sydney,,2022-01-15
CON000115,ACC000002,Sam,Tan,sam.tan@example.com,+1-555-1566,Support Lead,Paris,,2022-01-15
CON000116,ACC000033,Riley,Patel,riley.patel@example.com,+1-555-7099,Product Manager,Johannesburg,,2022-01-15
CON000117,ACC000060,Jamie,Tan,jamie.tan@example.com,+1-555-3125,Product Manager,Dubai,,2022-01-15
CON000118,ACC000036,Morgan,Garcia,morgan.garcia@example.com,+1-555-3938,Program Manager,Paris,,2022-01-15
CON000119,ACC000059,Alex,Garcia,alex.garcia@example.com,+1-555-4874,Program Manager,S達o Paulo,,2022-01-15
CON000120,ACC000011,Alex,Schneider,alex.schneider@example.com,+1-555-1131,Product Manager,Dublin,,2022-01-15
CON000121,ACC000061,Casey,Garcia,casey.garcia@bentley.com,+1-555-7468,Program Manager,Global,,2022-02-01
CON000122,ACC000062,Taylor,Tan,taylor.tan@volkswagen.com,+1-555-2542,Partner Ops,Global,,2022-02-01
CON000123,ACC000063,Logan,Lee,logan.lee@cariad.com,+1-555-9313,Connectivity Lead,Global,,2022-02-01
CON000124,ACC000064,Alex,Patel,alex.patel@audi.com,+1-555-8104,Product Manager,Global,,2022-02-01
CON000125,ACC000065,Taylor,Kim,taylor.kim@iveco.com,+1-555-2486,Support Lead,Global,,2022-02-01
CON000126,ACC000066,Sam,Lee,sam.lee@lamborghini.com,+1-555-3028,Connectivity Lead,Global,,2022-02-01
CON000127,ACC000067,Logan,Lee,logan.lee@porsche.com,+1-555-7499,Program Manager,Global,,2022-02-01
CON000128,ACC000068,Riley,Lee,riley.lee@seat.com,+1-555-3181,Partner Ops,Global,,2022-02-01
CON000129,ACC000069,Sam,Garcia,sam.garcia@skoda.com,+1-555-9858,Program Manager,Global,,2022-02-01
CON000130,ACC000070,Logan,Chen,logan.chen@gm.com,+1-555-3961,Program Manager,Global,,2022-02-01
CON000131,ACC000071,Logan,Schneider,logan.schneider@cnh.com,+1-555-4078,Partner Ops,Global,,2022-02-01
CON000132,ACC000072,Taylor,Tan,taylor.tan@honda.com,+1-555-2028,Support Lead,Global,,2022-02-01